Fecha,SEAS,Year,ONI,ANOM,Month
1950-01-01 00:00:00,DJF,1950,24.72,-1.53,1
1950-02-01 00:00:00,JFM,1950,25.17,-1.34,2
1950-03-01 00:00:00,FMA,1950,25.75,-1.16,3
1950-04-01 00:00:00,MAM,1950,26.12,-1.18,4
1950-05-01 00:00:00,AMJ,1950,26.32,-1.07,5
1950-06-01 00:00:00,MJJ,1950,26.31,-0.85,6
1950-07-01 00:00:00,JJA,1950,26.21,-0.54,7
1950-08-01 00:00:00,JAS,1950,25.96,-0.42,8
1950-09-01 00:00:00,ASO,1950,25.76,-0.39,9
1950-10-01 00:00:00,SON,1950,25.63,-0.44,10
1950-11-01 00:00:00,OND,1950,25.48,-0.6,11
1950-12-01 00:00:00,NDJ,1950,25.34,-0.8,12
1951-01-01 00:00:00,DJF,1951,25.42,-0.82,1
1951-02-01 00:00:00,JFM,1951,25.96,-0.54,2
1951-03-01 00:00:00,FMA,1951,26.74,-0.17,3
1951-04-01 00:00:00,MAM,1951,27.48,0.18,4
1951-05-01 00:00:00,AMJ,1951,27.75,0.36,5
1951-06-01 00:00:00,MJJ,1951,27.75,0.58,6
1951-07-01 00:00:00,JJA,1951,27.44,0.7,7
1951-08-01 00:00:00,JAS,1951,27.28,0.89,8
1951-09-01 00:00:00,ASO,1951,27.14,0.99,9
1951-10-01 00:00:00,SON,1951,27.22,1.15,10
1951-11-01 00:00:00,OND,1951,27.12,1.04,11
1951-12-01 00:00:00,NDJ,1951,26.95,0.81,12
1952-01-01 00:00:00,DJF,1952,26.78,0.53,1
1952-02-01 00:00:00,JFM,1952,26.87,0.37,2
1952-03-01 00:00:00,FMA,1952,27.25,0.34,3
1952-04-01 00:00:00,MAM,1952,27.6,0.29,4
1952-05-01 00:00:00,AMJ,1952,27.59,0.2,5
1952-06-01 00:00:00,MJJ,1952,27.17,0,6
1952-07-01 00:00:00,JJA,1952,26.67,-0.08,7
1952-08-01 00:00:00,JAS,1952,26.39,0,8
1952-09-01 00:00:00,ASO,1952,26.3,0.15,9
1952-10-01 00:00:00,SON,1952,26.17,0.1,10
1952-11-01 00:00:00,OND,1952,26.13,0.04,11
1952-12-01 00:00:00,NDJ,1952,26.29,0.15,12
1953-01-01 00:00:00,DJF,1953,26.65,0.4,1
1953-02-01 00:00:00,JFM,1953,27.1,0.6,2
1953-03-01 00:00:00,FMA,1953,27.53,0.63,3
1953-04-01 00:00:00,MAM,1953,27.96,0.66,4
1953-05-01 00:00:00,AMJ,1953,28.14,0.75,5
1953-06-01 00:00:00,MJJ,1953,27.94,0.77,6
1953-07-01 00:00:00,JJA,1953,27.49,0.75,7
1953-08-01 00:00:00,JAS,1953,27.12,0.73,8
1953-09-01 00:00:00,ASO,1953,26.93,0.78,9
1953-10-01 00:00:00,SON,1953,26.91,0.84,10
1953-11-01 00:00:00,OND,1953,26.92,0.84,11
1953-12-01 00:00:00,NDJ,1953,26.95,0.81,12
1954-01-01 00:00:00,DJF,1954,27,0.76,1
1954-02-01 00:00:00,JFM,1954,26.97,0.47,2
1954-03-01 00:00:00,FMA,1954,26.86,-0.05,3
1954-04-01 00:00:00,MAM,1954,26.89,-0.41,4
1954-05-01 00:00:00,AMJ,1954,26.85,-0.54,5
1954-06-01 00:00:00,MJJ,1954,26.67,-0.5,6
1954-07-01 00:00:00,JJA,1954,26.1,-0.64,7
1954-08-01 00:00:00,JAS,1954,25.54,-0.84,8
1954-09-01 00:00:00,ASO,1954,25.25,-0.9,9
1954-10-01 00:00:00,SON,1954,25.3,-0.77,10
1954-11-01 00:00:00,OND,1954,25.35,-0.73,11
1954-12-01 00:00:00,NDJ,1954,25.48,-0.66,12
1955-01-01 00:00:00,DJF,1955,25.57,-0.68,1
1955-02-01 00:00:00,JFM,1955,25.89,-0.62,2
1955-03-01 00:00:00,FMA,1955,26.22,-0.69,3
1955-04-01 00:00:00,MAM,1955,26.5,-0.8,4
1955-05-01 00:00:00,AMJ,1955,26.6,-0.79,5
1955-06-01 00:00:00,MJJ,1955,26.45,-0.72,6
1955-07-01 00:00:00,JJA,1955,26.06,-0.68,7
1955-08-01 00:00:00,JAS,1955,25.64,-0.75,8
1955-09-01 00:00:00,ASO,1955,25.06,-1.09,9
1955-10-01 00:00:00,SON,1955,24.65,-1.42,10
1955-11-01 00:00:00,OND,1955,24.41,-1.67,11
1955-12-01 00:00:00,NDJ,1955,24.72,-1.47,12
1956-01-01 00:00:00,DJF,1956,25.23,-1.11,1
1956-02-01 00:00:00,JFM,1956,25.86,-0.76,2
1956-03-01 00:00:00,FMA,1956,26.37,-0.63,3
1956-04-01 00:00:00,MAM,1956,26.82,-0.54,4
1956-05-01 00:00:00,AMJ,1956,26.93,-0.52,5
1956-06-01 00:00:00,MJJ,1956,26.72,-0.51,6
1956-07-01 00:00:00,JJA,1956,26.23,-0.57,7
1956-08-01 00:00:00,JAS,1956,25.87,-0.55,8
1956-09-01 00:00:00,ASO,1956,25.71,-0.46,9
1956-10-01 00:00:00,SON,1956,25.67,-0.42,10
1956-11-01 00:00:00,OND,1956,25.67,-0.43,11
1956-12-01 00:00:00,NDJ,1956,25.77,-0.43,12
1957-01-01 00:00:00,DJF,1957,26.09,-0.25,1
1957-02-01 00:00:00,JFM,1957,26.68,0.06,2
1957-03-01 00:00:00,FMA,1957,27.41,0.41,3
1957-04-01 00:00:00,MAM,1957,28.08,0.72,4
1957-05-01 00:00:00,AMJ,1957,28.37,0.92,5
1957-06-01 00:00:00,MJJ,1957,28.34,1.11,6
1957-07-01 00:00:00,JJA,1957,28.06,1.25,7
1957-08-01 00:00:00,JAS,1957,27.75,1.32,8
1957-09-01 00:00:00,ASO,1957,27.5,1.33,9
1957-10-01 00:00:00,SON,1957,27.48,1.39,10
1957-11-01 00:00:00,OND,1957,27.64,1.53,11
1957-12-01 00:00:00,NDJ,1957,27.94,1.74,12
1958-01-01 00:00:00,DJF,1958,28.15,1.81,1
1958-02-01 00:00:00,JFM,1958,28.27,1.66,2
1958-03-01 00:00:00,FMA,1958,28.26,1.27,3
1958-04-01 00:00:00,MAM,1958,28.28,0.93,4
1958-05-01 00:00:00,AMJ,1958,28.19,0.74,5
1958-06-01 00:00:00,MJJ,1958,27.87,0.64,6
1958-07-01 00:00:00,JJA,1958,27.38,0.57,7
1958-08-01 00:00:00,JAS,1958,26.85,0.43,8
1958-09-01 00:00:00,ASO,1958,26.56,0.39,9
1958-10-01 00:00:00,SON,1958,26.53,0.44,10
1958-11-01 00:00:00,OND,1958,26.6,0.5,11
1958-12-01 00:00:00,NDJ,1958,26.81,0.61,12
1959-01-01 00:00:00,DJF,1959,26.95,0.61,1
1959-02-01 00:00:00,JFM,1959,27.24,0.62,2
1959-03-01 00:00:00,FMA,1959,27.51,0.52,3
1959-04-01 00:00:00,MAM,1959,27.68,0.33,4
1959-05-01 00:00:00,AMJ,1959,27.65,0.2,5
1959-06-01 00:00:00,MJJ,1959,27.16,-0.07,6
1959-07-01 00:00:00,JJA,1959,26.63,-0.18,7
1959-08-01 00:00:00,JAS,1959,26.15,-0.28,8
1959-09-01 00:00:00,ASO,1959,26.08,-0.09,9
1959-10-01 00:00:00,SON,1959,26.07,-0.03,10
1959-11-01 00:00:00,OND,1959,26.15,0.05,11
1959-12-01 00:00:00,NDJ,1959,26.16,-0.04,12
1960-01-01 00:00:00,DJF,1960,26.24,-0.1,1
1960-02-01 00:00:00,JFM,1960,26.51,-0.1,2
1960-03-01 00:00:00,FMA,1960,26.92,-0.07,3
1960-04-01 00:00:00,MAM,1960,27.39,0.03,4
1960-05-01 00:00:00,AMJ,1960,27.47,0.02,5
1960-06-01 00:00:00,MJJ,1960,27.26,0.03,6
1960-07-01 00:00:00,JJA,1960,26.93,0.13,7
1960-08-01 00:00:00,JAS,1960,26.66,0.24,8
1960-09-01 00:00:00,ASO,1960,26.44,0.27,9
1960-10-01 00:00:00,SON,1960,26.3,0.2,10
1960-11-01 00:00:00,OND,1960,26.23,0.12,11
1960-12-01 00:00:00,NDJ,1960,26.23,0.05,12
1961-01-01 00:00:00,DJF,1961,26.34,0.04,1
1961-02-01 00:00:00,JFM,1961,26.58,0.03,2
1961-03-01 00:00:00,FMA,1961,26.96,0.04,3
1961-04-01 00:00:00,MAM,1961,27.35,0.09,4
1961-05-01 00:00:00,AMJ,1961,27.59,0.23,5
1961-06-01 00:00:00,MJJ,1961,27.42,0.27,6
1961-07-01 00:00:00,JJA,1961,26.9,0.14,7
1961-08-01 00:00:00,JAS,1961,26.27,-0.13,8
1961-09-01 00:00:00,ASO,1961,25.89,-0.3,9
1961-10-01 00:00:00,SON,1961,25.85,-0.26,10
1961-11-01 00:00:00,OND,1961,25.91,-0.19,11
1961-12-01 00:00:00,NDJ,1961,26,-0.16,12
1962-01-01 00:00:00,DJF,1962,26.05,-0.24,1
1962-02-01 00:00:00,JFM,1962,26.32,-0.22,2
1962-03-01 00:00:00,FMA,1962,26.71,-0.2,3
1962-04-01 00:00:00,MAM,1962,27,-0.26,4
1962-05-01 00:00:00,AMJ,1962,27.09,-0.28,5
1962-06-01 00:00:00,MJJ,1962,26.96,-0.2,6
1962-07-01 00:00:00,JJA,1962,26.72,-0.04,7
1962-08-01 00:00:00,JAS,1962,26.34,-0.07,8
1962-09-01 00:00:00,ASO,1962,26.07,-0.11,9
1962-10-01 00:00:00,SON,1962,25.88,-0.22,10
1962-11-01 00:00:00,OND,1962,25.79,-0.31,11
1962-12-01 00:00:00,NDJ,1962,25.73,-0.43,12
1963-01-01 00:00:00,DJF,1963,25.89,-0.4,1
1963-02-01 00:00:00,JFM,1963,26.39,-0.15,2
1963-03-01 00:00:00,FMA,1963,27.07,0.15,3
1963-04-01 00:00:00,MAM,1963,27.53,0.27,4
1963-05-01 00:00:00,AMJ,1963,27.68,0.31,5
1963-06-01 00:00:00,MJJ,1963,27.67,0.52,6
1963-07-01 00:00:00,JJA,1963,27.62,0.86,7
1963-08-01 00:00:00,JAS,1963,27.54,1.14,8
1963-09-01 00:00:00,ASO,1963,27.4,1.22,9
1963-10-01 00:00:00,SON,1963,27.4,1.29,10
1963-11-01 00:00:00,OND,1963,27.47,1.37,11
1963-12-01 00:00:00,NDJ,1963,27.47,1.31,12
1964-01-01 00:00:00,DJF,1964,27.36,1.07,1
1964-02-01 00:00:00,JFM,1964,27.16,0.62,2
1964-03-01 00:00:00,FMA,1964,27.03,0.12,3
1964-04-01 00:00:00,MAM,1964,26.93,-0.33,4
1964-05-01 00:00:00,AMJ,1964,26.78,-0.58,5
1964-06-01 00:00:00,MJJ,1964,26.57,-0.58,6
1964-07-01 00:00:00,JJA,1964,26.16,-0.6,7
1964-08-01 00:00:00,JAS,1964,25.74,-0.66,8
1964-09-01 00:00:00,ASO,1964,25.42,-0.76,9
1964-10-01 00:00:00,SON,1964,25.31,-0.8,10
1964-11-01 00:00:00,OND,1964,25.28,-0.82,11
1964-12-01 00:00:00,NDJ,1964,25.38,-0.78,12
1965-01-01 00:00:00,DJF,1965,25.69,-0.59,1
1965-02-01 00:00:00,JFM,1965,26.27,-0.28,2
1965-03-01 00:00:00,FMA,1965,26.85,-0.07,3
1965-04-01 00:00:00,MAM,1965,27.44,0.18,4
1965-05-01 00:00:00,AMJ,1965,27.82,0.46,5
1965-06-01 00:00:00,MJJ,1965,27.99,0.83,6
1965-07-01 00:00:00,JJA,1965,27.98,1.22,7
1965-08-01 00:00:00,JAS,1965,27.95,1.54,8
1965-09-01 00:00:00,ASO,1965,28.04,1.85,9
1965-10-01 00:00:00,SON,1965,28.09,1.98,10
1965-11-01 00:00:00,OND,1965,28.07,1.97,11
1965-12-01 00:00:00,NDJ,1965,27.91,1.72,12
1966-01-01 00:00:00,DJF,1966,27.72,1.37,1
1966-02-01 00:00:00,JFM,1966,27.81,1.17,2
1966-03-01 00:00:00,FMA,1966,27.98,0.98,3
1966-04-01 00:00:00,MAM,1966,27.97,0.66,4
1966-05-01 00:00:00,AMJ,1966,27.78,0.35,5
1966-06-01 00:00:00,MJJ,1966,27.5,0.24,6
1966-07-01 00:00:00,JJA,1966,27.14,0.24,7
1966-08-01 00:00:00,JAS,1966,26.69,0.12,8
1966-09-01 00:00:00,ASO,1966,26.32,-0.05,9
1966-10-01 00:00:00,SON,1966,26.24,-0.1,10
1966-11-01 00:00:00,OND,1966,26.16,-0.18,11
1966-12-01 00:00:00,NDJ,1966,26.04,-0.3,12
1967-01-01 00:00:00,DJF,1967,26.01,-0.41,1
1967-02-01 00:00:00,JFM,1967,26.17,-0.48,2
1967-03-01 00:00:00,FMA,1967,26.46,-0.53,3
1967-04-01 00:00:00,MAM,1967,26.87,-0.45,4
1967-05-01 00:00:00,AMJ,1967,27.19,-0.24,5
1967-06-01 00:00:00,MJJ,1967,27.26,0,6
1967-07-01 00:00:00,JJA,1967,26.95,0.05,7
1967-08-01 00:00:00,JAS,1967,26.41,-0.16,8
1967-09-01 00:00:00,ASO,1967,26.08,-0.3,9
1967-10-01 00:00:00,SON,1967,25.96,-0.38,10
1967-11-01 00:00:00,OND,1967,26,-0.34,11
1967-12-01 00:00:00,NDJ,1967,25.9,-0.44,12
1968-01-01 00:00:00,DJF,1968,25.78,-0.64,1
1968-02-01 00:00:00,JFM,1968,25.91,-0.74,2
1968-03-01 00:00:00,FMA,1968,26.38,-0.62,3
1968-04-01 00:00:00,MAM,1968,26.88,-0.44,4
1968-05-01 00:00:00,AMJ,1968,27.39,-0.04,5
1968-06-01 00:00:00,MJJ,1968,27.54,0.28,6
1968-07-01 00:00:00,JJA,1968,27.48,0.58,7
1968-08-01 00:00:00,JAS,1968,27.1,0.53,8
1968-09-01 00:00:00,ASO,1968,26.82,0.45,9
1968-10-01 00:00:00,SON,1968,26.89,0.55,10
1968-11-01 00:00:00,OND,1968,27.07,0.73,11
1968-12-01 00:00:00,NDJ,1968,27.32,0.98,12
1969-01-01 00:00:00,DJF,1969,27.54,1.13,1
1969-02-01 00:00:00,JFM,1969,27.73,1.09,2
1969-03-01 00:00:00,FMA,1969,27.94,0.95,3
1969-04-01 00:00:00,MAM,1969,28.09,0.77,4
1969-05-01 00:00:00,AMJ,1969,28.04,0.61,5
1969-06-01 00:00:00,MJJ,1969,27.69,0.43,6
1969-07-01 00:00:00,JJA,1969,27.26,0.36,7
1969-08-01 00:00:00,JAS,1969,27.08,0.51,8
1969-09-01 00:00:00,ASO,1969,27.17,0.79,9
1969-10-01 00:00:00,SON,1969,27.2,0.86,10
1969-11-01 00:00:00,OND,1969,27.14,0.81,11
1969-12-01 00:00:00,NDJ,1969,26.98,0.63,12
1970-01-01 00:00:00,DJF,1970,26.93,0.51,1
1970-02-01 00:00:00,JFM,1970,26.98,0.34,2
1970-03-01 00:00:00,FMA,1970,27.29,0.29,3
1970-04-01 00:00:00,MAM,1970,27.51,0.19,4
1970-05-01 00:00:00,AMJ,1970,27.47,0.04,5
1970-06-01 00:00:00,MJJ,1970,26.96,-0.3,6
1970-07-01 00:00:00,JJA,1970,26.28,-0.63,7
1970-08-01 00:00:00,JAS,1970,25.81,-0.76,8
1970-09-01 00:00:00,ASO,1970,25.61,-0.77,9
1970-10-01 00:00:00,SON,1970,25.6,-0.74,10
1970-11-01 00:00:00,OND,1970,25.48,-0.86,11
1970-12-01 00:00:00,NDJ,1970,25.22,-1.15,12
1971-01-01 00:00:00,DJF,1971,25.1,-1.36,1
1971-02-01 00:00:00,JFM,1971,25.32,-1.38,2
1971-03-01 00:00:00,FMA,1971,25.92,-1.12,3
1971-04-01 00:00:00,MAM,1971,26.51,-0.85,4
1971-05-01 00:00:00,AMJ,1971,26.73,-0.73,5
1971-06-01 00:00:00,MJJ,1971,26.56,-0.74,6
1971-07-01 00:00:00,JJA,1971,26.15,-0.8,7
1971-08-01 00:00:00,JAS,1971,25.86,-0.77,8
1971-09-01 00:00:00,ASO,1971,25.64,-0.82,9
1971-10-01 00:00:00,SON,1971,25.58,-0.85,10
1971-11-01 00:00:00,OND,1971,25.46,-0.96,11
1971-12-01 00:00:00,NDJ,1971,25.52,-0.9,12
1972-01-01 00:00:00,DJF,1972,25.77,-0.71,1
1972-02-01 00:00:00,JFM,1972,26.35,-0.35,2
1972-03-01 00:00:00,FMA,1972,27.1,0.06,3
1972-04-01 00:00:00,MAM,1972,27.77,0.41,4
1972-05-01 00:00:00,AMJ,1972,28.13,0.67,5
1972-06-01 00:00:00,MJJ,1972,28.21,0.92,6
1972-07-01 00:00:00,JJA,1972,28.09,1.13,7
1972-08-01 00:00:00,JAS,1972,28,1.37,8
1972-09-01 00:00:00,ASO,1972,28.04,1.58,9
1972-10-01 00:00:00,SON,1972,28.26,1.84,10
1972-11-01 00:00:00,OND,1972,28.51,2.09,11
1972-12-01 00:00:00,NDJ,1972,28.54,2.12,12
1973-01-01 00:00:00,DJF,1973,28.32,1.84,1
1973-02-01 00:00:00,JFM,1973,27.95,1.25,2
1973-03-01 00:00:00,FMA,1973,27.59,0.54,3
1973-04-01 00:00:00,MAM,1973,27.26,-0.1,4
1973-05-01 00:00:00,AMJ,1973,26.92,-0.54,5
1973-06-01 00:00:00,MJJ,1973,26.42,-0.87,6
1973-07-01 00:00:00,JJA,1973,25.84,-1.11,7
1973-08-01 00:00:00,JAS,1973,25.35,-1.28,8
1973-09-01 00:00:00,ASO,1973,25.01,-1.45,9
1973-10-01 00:00:00,SON,1973,24.71,-1.71,10
1973-11-01 00:00:00,OND,1973,24.47,-1.95,11
1973-12-01 00:00:00,NDJ,1973,24.38,-2.03,12
1974-01-01 00:00:00,DJF,1974,24.64,-1.84,1
1974-02-01 00:00:00,JFM,1974,25.14,-1.55,2
1974-03-01 00:00:00,FMA,1974,25.82,-1.23,3
1974-04-01 00:00:00,MAM,1974,26.33,-1.03,4
1974-05-01 00:00:00,AMJ,1974,26.55,-0.91,5
1974-06-01 00:00:00,MJJ,1974,26.52,-0.77,6
1974-07-01 00:00:00,JJA,1974,26.42,-0.53,7
1974-08-01 00:00:00,JAS,1974,26.26,-0.37,8
1974-09-01 00:00:00,ASO,1974,26.06,-0.41,9
1974-10-01 00:00:00,SON,1974,25.82,-0.61,10
1974-11-01 00:00:00,OND,1974,25.67,-0.75,11
1974-12-01 00:00:00,NDJ,1974,25.78,-0.64,12
1975-01-01 00:00:00,DJF,1975,25.94,-0.54,1
1975-02-01 00:00:00,JFM,1975,26.13,-0.57,2
1975-03-01 00:00:00,FMA,1975,26.39,-0.65,3
1975-04-01 00:00:00,MAM,1975,26.63,-0.73,4
1975-05-01 00:00:00,AMJ,1975,26.64,-0.83,5
1975-06-01 00:00:00,MJJ,1975,26.31,-0.98,6
1975-07-01 00:00:00,JJA,1975,25.82,-1.13,7
1975-08-01 00:00:00,JAS,1975,25.43,-1.2,8
1975-09-01 00:00:00,ASO,1975,25.09,-1.37,9
1975-10-01 00:00:00,SON,1975,25,-1.43,10
1975-11-01 00:00:00,OND,1975,24.87,-1.55,11
1975-12-01 00:00:00,NDJ,1975,24.75,-1.65,12
1976-01-01 00:00:00,DJF,1976,24.9,-1.56,1
1976-02-01 00:00:00,JFM,1976,25.5,-1.17,2
1976-03-01 00:00:00,FMA,1976,26.28,-0.73,3
1976-04-01 00:00:00,MAM,1976,26.85,-0.47,4
1976-05-01 00:00:00,AMJ,1976,27.15,-0.28,5
1976-06-01 00:00:00,MJJ,1976,27.22,-0.05,6
1976-07-01 00:00:00,JJA,1976,27.15,0.18,7
1976-08-01 00:00:00,JAS,1976,27.04,0.35,8
1976-09-01 00:00:00,ASO,1976,27.15,0.62,9
1976-10-01 00:00:00,SON,1976,27.29,0.81,10
1976-11-01 00:00:00,OND,1976,27.32,0.86,11
1976-12-01 00:00:00,NDJ,1976,27.27,0.85,12
1977-01-01 00:00:00,DJF,1977,27.18,0.71,1
1977-02-01 00:00:00,JFM,1977,27.31,0.64,2
1977-03-01 00:00:00,FMA,1977,27.35,0.34,3
1977-04-01 00:00:00,MAM,1977,27.55,0.23,4
1977-05-01 00:00:00,AMJ,1977,27.64,0.21,5
1977-06-01 00:00:00,MJJ,1977,27.61,0.34,6
1977-07-01 00:00:00,JJA,1977,27.32,0.35,7
1977-08-01 00:00:00,JAS,1977,27.11,0.42,8
1977-09-01 00:00:00,ASO,1977,27.1,0.57,9
1977-10-01 00:00:00,SON,1977,27.21,0.73,10
1977-11-01 00:00:00,OND,1977,27.27,0.81,11
1977-12-01 00:00:00,NDJ,1977,27.21,0.79,12
1978-01-01 00:00:00,DJF,1978,27.15,0.69,1
1978-02-01 00:00:00,JFM,1978,27.09,0.42,2
1978-03-01 00:00:00,FMA,1978,27.08,0.06,3
1978-04-01 00:00:00,MAM,1978,27.14,-0.18,4
1978-05-01 00:00:00,AMJ,1978,27.11,-0.31,5
1978-06-01 00:00:00,MJJ,1978,26.98,-0.29,6
1978-07-01 00:00:00,JJA,1978,26.61,-0.36,7
1978-08-01 00:00:00,JAS,1978,26.27,-0.42,8
1978-09-01 00:00:00,ASO,1978,26.11,-0.42,9
1978-10-01 00:00:00,SON,1978,26.19,-0.29,10
1978-11-01 00:00:00,OND,1978,26.37,-0.08,11
1978-12-01 00:00:00,NDJ,1978,26.43,0,12
1979-01-01 00:00:00,DJF,1979,26.5,0.03,1
1979-02-01 00:00:00,JFM,1979,26.75,0.07,2
1979-03-01 00:00:00,FMA,1979,27.22,0.2,3
1979-04-01 00:00:00,MAM,1979,27.6,0.28,4
1979-05-01 00:00:00,AMJ,1979,27.66,0.23,5
1979-06-01 00:00:00,MJJ,1979,27.32,0.05,6
1979-07-01 00:00:00,JJA,1979,27,0.04,7
1979-08-01 00:00:00,JAS,1979,26.86,0.17,8
1979-09-01 00:00:00,ASO,1979,26.86,0.33,9
1979-10-01 00:00:00,SON,1979,26.94,0.45,10
1979-11-01 00:00:00,OND,1979,26.98,0.52,11
1979-12-01 00:00:00,NDJ,1979,27.06,0.64,12
1980-01-01 00:00:00,DJF,1980,27.06,0.59,1
1980-02-01 00:00:00,JFM,1980,27.13,0.46,2
1980-03-01 00:00:00,FMA,1980,27.35,0.34,3
1980-04-01 00:00:00,MAM,1980,27.7,0.38,4
1980-05-01 00:00:00,AMJ,1980,27.9,0.48,5
1980-06-01 00:00:00,MJJ,1980,27.73,0.46,6
1980-07-01 00:00:00,JJA,1980,27.22,0.25,7
1980-08-01 00:00:00,JAS,1980,26.72,0.03,8
1980-09-01 00:00:00,ASO,1980,26.46,-0.07,9
1980-10-01 00:00:00,SON,1980,26.5,0.02,10
1980-11-01 00:00:00,OND,1980,26.57,0.11,11
1980-12-01 00:00:00,NDJ,1980,26.48,-0.01,12
1981-01-01 00:00:00,DJF,1981,26.32,-0.26,1
1981-02-01 00:00:00,JFM,1981,26.32,-0.5,2
1981-03-01 00:00:00,FMA,1981,26.69,-0.47,3
1981-04-01 00:00:00,MAM,1981,27.11,-0.37,4
1981-05-01 00:00:00,AMJ,1981,27.31,-0.26,5
1981-06-01 00:00:00,MJJ,1981,27.09,-0.29,6
1981-07-01 00:00:00,JJA,1981,26.75,-0.3,7
1981-08-01 00:00:00,JAS,1981,26.5,-0.25,8
1981-09-01 00:00:00,ASO,1981,26.42,-0.16,9
1981-10-01 00:00:00,SON,1981,26.41,-0.13,10
1981-11-01 00:00:00,OND,1981,26.37,-0.15,11
1981-12-01 00:00:00,NDJ,1981,26.46,-0.08,12
1982-01-01 00:00:00,DJF,1982,26.56,-0.05,1
1982-02-01 00:00:00,JFM,1982,26.9,0.07,2
1982-03-01 00:00:00,FMA,1982,27.35,0.19,3
1982-04-01 00:00:00,MAM,1982,27.95,0.47,4
1982-05-01 00:00:00,AMJ,1982,28.23,0.66,5
1982-06-01 00:00:00,MJJ,1982,28.1,0.72,6
1982-07-01 00:00:00,JJA,1982,27.83,0.79,7
1982-08-01 00:00:00,JAS,1982,27.81,1.07,8
1982-09-01 00:00:00,ASO,1982,28.16,1.58,9
1982-10-01 00:00:00,SON,1982,28.5,1.97,10
1982-11-01 00:00:00,OND,1982,28.7,2.18,11
1982-12-01 00:00:00,NDJ,1982,28.76,2.23,12
1983-01-01 00:00:00,DJF,1983,28.79,2.18,1
1983-02-01 00:00:00,JFM,1983,28.75,1.92,2
1983-03-01 00:00:00,FMA,1983,28.71,1.54,3
1983-04-01 00:00:00,MAM,1983,28.76,1.29,4
1983-05-01 00:00:00,AMJ,1983,28.63,1.06,5
1983-06-01 00:00:00,MJJ,1983,28.1,0.72,6
1983-07-01 00:00:00,JJA,1983,27.36,0.31,7
1983-08-01 00:00:00,JAS,1983,26.66,-0.08,8
1983-09-01 00:00:00,ASO,1983,26.12,-0.46,9
1983-10-01 00:00:00,SON,1983,25.73,-0.81,10
1983-11-01 00:00:00,OND,1983,25.52,-1,11
1983-12-01 00:00:00,NDJ,1983,25.62,-0.91,12
1984-01-01 00:00:00,DJF,1984,26.01,-0.6,1
1984-02-01 00:00:00,JFM,1984,26.41,-0.42,2
1984-03-01 00:00:00,FMA,1984,26.83,-0.34,3
1984-04-01 00:00:00,MAM,1984,27.04,-0.43,4
1984-05-01 00:00:00,AMJ,1984,27.06,-0.51,5
1984-06-01 00:00:00,MJJ,1984,26.94,-0.45,6
1984-07-01 00:00:00,JJA,1984,26.74,-0.3,7
1984-08-01 00:00:00,JAS,1984,26.59,-0.16,8
1984-09-01 00:00:00,ASO,1984,26.34,-0.24,9
1984-10-01 00:00:00,SON,1984,25.98,-0.56,10
1984-11-01 00:00:00,OND,1984,25.61,-0.92,11
1984-12-01 00:00:00,NDJ,1984,25.39,-1.14,12
1985-01-01 00:00:00,DJF,1985,25.56,-1.04,1
1985-02-01 00:00:00,JFM,1985,25.98,-0.85,2
1985-03-01 00:00:00,FMA,1985,26.4,-0.77,3
1985-04-01 00:00:00,MAM,1985,26.69,-0.78,4
1985-05-01 00:00:00,AMJ,1985,26.79,-0.78,5
1985-06-01 00:00:00,MJJ,1985,26.76,-0.63,6
1985-07-01 00:00:00,JJA,1985,26.55,-0.49,7
1985-08-01 00:00:00,JAS,1985,26.29,-0.46,8
1985-09-01 00:00:00,ASO,1985,26.18,-0.4,9
1985-10-01 00:00:00,SON,1985,26.19,-0.35,10
1985-11-01 00:00:00,OND,1985,26.25,-0.27,11
1985-12-01 00:00:00,NDJ,1985,26.14,-0.36,12
1986-01-01 00:00:00,DJF,1986,26.05,-0.49,1
1986-02-01 00:00:00,JFM,1986,26.28,-0.47,2
1986-03-01 00:00:00,FMA,1986,26.81,-0.31,3
1986-04-01 00:00:00,MAM,1986,27.26,-0.2,4
1986-05-01 00:00:00,AMJ,1986,27.44,-0.12,5
1986-06-01 00:00:00,MJJ,1986,27.34,-0.04,6
1986-07-01 00:00:00,JJA,1986,27.26,0.22,7
1986-08-01 00:00:00,JAS,1986,27.2,0.44,8
1986-09-01 00:00:00,ASO,1986,27.31,0.71,9
1986-10-01 00:00:00,SON,1986,27.49,0.94,10
1986-11-01 00:00:00,OND,1986,27.64,1.14,11
1986-12-01 00:00:00,NDJ,1986,27.7,1.22,12
1987-01-01 00:00:00,DJF,1987,27.76,1.23,1
1987-02-01 00:00:00,JFM,1987,27.95,1.19,2
1987-03-01 00:00:00,FMA,1987,28.19,1.06,3
1987-04-01 00:00:00,MAM,1987,28.41,0.95,4
1987-05-01 00:00:00,AMJ,1987,28.53,0.97,5
1987-06-01 00:00:00,MJJ,1987,28.59,1.22,6
1987-07-01 00:00:00,JJA,1987,28.54,1.51,7
1987-08-01 00:00:00,JAS,1987,28.45,1.7,8
1987-09-01 00:00:00,ASO,1987,28.24,1.65,9
1987-10-01 00:00:00,SON,1987,28.03,1.48,10
1987-11-01 00:00:00,OND,1987,27.76,1.25,11
1987-12-01 00:00:00,NDJ,1987,27.59,1.11,12
1988-01-01 00:00:00,DJF,1988,27.34,0.81,1
1988-02-01 00:00:00,JFM,1988,27.29,0.54,2
1988-03-01 00:00:00,FMA,1988,27.27,0.14,3
1988-04-01 00:00:00,MAM,1988,27.15,-0.31,4
1988-05-01 00:00:00,AMJ,1988,26.69,-0.88,5
1988-06-01 00:00:00,MJJ,1988,26.08,-1.3,6
1988-07-01 00:00:00,JJA,1988,25.74,-1.3,7
1988-08-01 00:00:00,JAS,1988,25.65,-1.11,8
1988-09-01 00:00:00,ASO,1988,25.4,-1.19,9
1988-10-01 00:00:00,SON,1988,25.07,-1.48,10
1988-11-01 00:00:00,OND,1988,24.71,-1.8,11
1988-12-01 00:00:00,NDJ,1988,24.63,-1.85,12
1989-01-01 00:00:00,DJF,1989,24.84,-1.69,1
1989-02-01 00:00:00,JFM,1989,25.32,-1.43,2
1989-03-01 00:00:00,FMA,1989,26.04,-1.08,3
1989-04-01 00:00:00,MAM,1989,26.64,-0.83,4
1989-05-01 00:00:00,AMJ,1989,26.99,-0.58,5
1989-06-01 00:00:00,MJJ,1989,26.97,-0.4,6
1989-07-01 00:00:00,JJA,1989,26.73,-0.31,7
1989-08-01 00:00:00,JAS,1989,26.48,-0.27,8
1989-09-01 00:00:00,ASO,1989,26.35,-0.24,9
1989-10-01 00:00:00,SON,1989,26.33,-0.22,10
1989-11-01 00:00:00,OND,1989,26.34,-0.16,11
1989-12-01 00:00:00,NDJ,1989,26.43,-0.05,12
1990-01-01 00:00:00,DJF,1990,26.67,0.14,1
1990-02-01 00:00:00,JFM,1990,26.96,0.21,2
1990-03-01 00:00:00,FMA,1990,27.41,0.28,3
1990-04-01 00:00:00,MAM,1990,27.75,0.29,4
1990-05-01 00:00:00,AMJ,1990,27.86,0.29,5
1990-06-01 00:00:00,MJJ,1990,27.68,0.31,6
1990-07-01 00:00:00,JJA,1990,27.37,0.33,7
1990-08-01 00:00:00,JAS,1990,27.13,0.38,8
1990-09-01 00:00:00,ASO,1990,26.98,0.39,9
1990-10-01 00:00:00,SON,1990,26.89,0.35,10
1990-11-01 00:00:00,OND,1990,26.9,0.4,11
1990-12-01 00:00:00,NDJ,1990,26.94,0.41,12
1991-01-01 00:00:00,DJF,1991,27.02,0.41,1
1991-02-01 00:00:00,JFM,1991,27.15,0.26,2
1991-03-01 00:00:00,FMA,1991,27.48,0.22,3
1991-04-01 00:00:00,MAM,1991,27.85,0.26,4
1991-05-01 00:00:00,AMJ,1991,28.16,0.45,5
1991-06-01 00:00:00,MJJ,1991,28.17,0.64,6
1991-07-01 00:00:00,JJA,1991,27.94,0.73,7
1991-08-01 00:00:00,JAS,1991,27.57,0.64,8
1991-09-01 00:00:00,ASO,1991,27.41,0.62,9
1991-10-01 00:00:00,SON,1991,27.54,0.79,10
1991-11-01 00:00:00,OND,1991,27.91,1.21,11
1991-12-01 00:00:00,NDJ,1991,28.18,1.53,12
1992-01-01 00:00:00,DJF,1992,28.39,1.71,1
1992-02-01 00:00:00,JFM,1992,28.52,1.63,2
1992-03-01 00:00:00,FMA,1992,28.73,1.48,3
1992-04-01 00:00:00,MAM,1992,28.88,1.29,4
1992-05-01 00:00:00,AMJ,1992,28.76,1.06,5
1992-06-01 00:00:00,MJJ,1992,28.26,0.73,6
1992-07-01 00:00:00,JJA,1992,27.57,0.37,7
1992-08-01 00:00:00,JAS,1992,27.03,0.09,8
1992-09-01 00:00:00,ASO,1992,26.66,-0.13,9
1992-10-01 00:00:00,SON,1992,26.5,-0.25,10
1992-11-01 00:00:00,OND,1992,26.43,-0.28,11
1992-12-01 00:00:00,NDJ,1992,26.52,-0.13,12
1993-01-01 00:00:00,DJF,1993,26.77,0.09,1
1993-02-01 00:00:00,JFM,1993,27.18,0.3,2
1993-03-01 00:00:00,FMA,1993,27.75,0.5,3
1993-04-01 00:00:00,MAM,1993,28.27,0.67,4
1993-05-01 00:00:00,AMJ,1993,28.4,0.7,5
1993-06-01 00:00:00,MJJ,1993,28.1,0.57,6
1993-07-01 00:00:00,JJA,1993,27.53,0.32,7
1993-08-01 00:00:00,JAS,1993,27.19,0.25,8
1993-09-01 00:00:00,ASO,1993,26.94,0.15,9
1993-10-01 00:00:00,SON,1993,26.85,0.1,10
1993-11-01 00:00:00,OND,1993,26.75,0.04,11
1993-12-01 00:00:00,NDJ,1993,26.71,0.06,12
1994-01-01 00:00:00,DJF,1994,26.74,0.06,1
1994-02-01 00:00:00,JFM,1994,26.95,0.07,2
1994-03-01 00:00:00,FMA,1994,27.43,0.17,3
1994-04-01 00:00:00,MAM,1994,27.9,0.31,4
1994-05-01 00:00:00,AMJ,1994,28.12,0.42,5
1994-06-01 00:00:00,MJJ,1994,27.94,0.41,6
1994-07-01 00:00:00,JJA,1994,27.65,0.44,7
1994-08-01 00:00:00,JAS,1994,27.37,0.43,8
1994-09-01 00:00:00,ASO,1994,27.35,0.55,9
1994-10-01 00:00:00,SON,1994,27.49,0.74,10
1994-11-01 00:00:00,OND,1994,27.71,1.01,11
1994-12-01 00:00:00,NDJ,1994,27.74,1.09,12
1995-01-01 00:00:00,DJF,1995,27.64,0.96,1
1995-02-01 00:00:00,JFM,1995,27.61,0.72,2
1995-03-01 00:00:00,FMA,1995,27.79,0.53,3
1995-04-01 00:00:00,MAM,1995,27.9,0.3,4
1995-05-01 00:00:00,AMJ,1995,27.84,0.14,5
1995-06-01 00:00:00,MJJ,1995,27.5,-0.03,6
1995-07-01 00:00:00,JJA,1995,26.97,-0.24,7
1995-08-01 00:00:00,JAS,1995,26.4,-0.54,8
1995-09-01 00:00:00,ASO,1995,25.99,-0.81,9
1995-10-01 00:00:00,SON,1995,25.78,-0.97,10
1995-11-01 00:00:00,OND,1995,25.7,-1,11
1995-12-01 00:00:00,NDJ,1995,25.66,-0.98,12
1996-01-01 00:00:00,DJF,1996,25.76,-0.9,1
1996-02-01 00:00:00,JFM,1996,26.1,-0.75,2
1996-03-01 00:00:00,FMA,1996,26.65,-0.59,3
1996-04-01 00:00:00,MAM,1996,27.2,-0.39,4
1996-05-01 00:00:00,AMJ,1996,27.4,-0.31,5
1996-06-01 00:00:00,MJJ,1996,27.23,-0.3,6
1996-07-01 00:00:00,JJA,1996,26.93,-0.27,7
1996-08-01 00:00:00,JAS,1996,26.59,-0.32,8
1996-09-01 00:00:00,ASO,1996,26.39,-0.35,9
1996-10-01 00:00:00,SON,1996,26.28,-0.4,10
1996-11-01 00:00:00,OND,1996,26.17,-0.45,11
1996-12-01 00:00:00,NDJ,1996,26.09,-0.49,12
1997-01-01 00:00:00,DJF,1997,26.12,-0.5,1
1997-02-01 00:00:00,JFM,1997,26.49,-0.36,2
1997-03-01 00:00:00,FMA,1997,27.14,-0.1,3
1997-04-01 00:00:00,MAM,1997,27.87,0.28,4
1997-05-01 00:00:00,AMJ,1997,28.46,0.75,5
1997-06-01 00:00:00,MJJ,1997,28.75,1.22,6
1997-07-01 00:00:00,JJA,1997,28.8,1.6,7
1997-08-01 00:00:00,JAS,1997,28.81,1.9,8
1997-09-01 00:00:00,ASO,1997,28.88,2.14,9
1997-10-01 00:00:00,SON,1997,29.01,2.33,10
1997-11-01 00:00:00,OND,1997,29.02,2.4,11
1997-12-01 00:00:00,NDJ,1997,28.97,2.39,12
1998-01-01 00:00:00,DJF,1998,28.87,2.24,1
1998-02-01 00:00:00,JFM,1998,28.78,1.93,2
1998-03-01 00:00:00,FMA,1998,28.68,1.44,3
1998-04-01 00:00:00,MAM,1998,28.59,0.99,4
1998-05-01 00:00:00,AMJ,1998,28.16,0.45,5
1998-06-01 00:00:00,MJJ,1998,27.39,-0.13,6
1998-07-01 00:00:00,JJA,1998,26.42,-0.78,7
1998-08-01 00:00:00,JAS,1998,25.79,-1.12,8
1998-09-01 00:00:00,ASO,1998,25.44,-1.31,9
1998-10-01 00:00:00,SON,1998,25.32,-1.35,10
1998-11-01 00:00:00,OND,1998,25.14,-1.48,11
1998-12-01 00:00:00,NDJ,1998,25.01,-1.57,12
1999-01-01 00:00:00,DJF,1999,25.08,-1.55,1
1999-02-01 00:00:00,JFM,1999,25.55,-1.3,2
1999-03-01 00:00:00,FMA,1999,26.17,-1.07,3
1999-04-01 00:00:00,MAM,1999,26.62,-0.98,4
1999-05-01 00:00:00,AMJ,1999,26.68,-1.02,5
1999-06-01 00:00:00,MJJ,1999,26.49,-1.04,6
1999-07-01 00:00:00,JJA,1999,26.1,-1.1,7
1999-08-01 00:00:00,JAS,1999,25.8,-1.11,8
1999-09-01 00:00:00,ASO,1999,25.58,-1.16,9
1999-10-01 00:00:00,SON,1999,25.41,-1.26,10
1999-11-01 00:00:00,OND,1999,25.16,-1.46,11
1999-12-01 00:00:00,NDJ,1999,24.93,-1.65,12
2000-01-01 00:00:00,DJF,2000,24.96,-1.66,1
2000-02-01 00:00:00,JFM,2000,25.44,-1.41,2
2000-03-01 00:00:00,FMA,2000,26.17,-1.07,3
2000-04-01 00:00:00,MAM,2000,26.78,-0.81,4
2000-05-01 00:00:00,AMJ,2000,27,-0.71,5
2000-06-01 00:00:00,MJJ,2000,26.88,-0.64,6
2000-07-01 00:00:00,JJA,2000,26.65,-0.55,7
2000-08-01 00:00:00,JAS,2000,26.4,-0.51,8
2000-09-01 00:00:00,ASO,2000,26.2,-0.55,9
2000-10-01 00:00:00,SON,2000,26.05,-0.63,10
2000-11-01 00:00:00,OND,2000,25.88,-0.75,11
2000-12-01 00:00:00,NDJ,2000,25.81,-0.74,12
2001-01-01 00:00:00,DJF,2001,25.88,-0.68,1
2001-02-01 00:00:00,JFM,2001,26.26,-0.52,2
2001-03-01 00:00:00,FMA,2001,26.76,-0.44,3
2001-04-01 00:00:00,MAM,2001,27.25,-0.34,4
2001-05-01 00:00:00,AMJ,2001,27.49,-0.25,5
2001-06-01 00:00:00,MJJ,2001,27.47,-0.12,6
2001-07-01 00:00:00,JJA,2001,27.2,-0.08,7
2001-08-01 00:00:00,JAS,2001,26.86,-0.13,8
2001-09-01 00:00:00,ASO,2001,26.63,-0.19,9
2001-10-01 00:00:00,SON,2001,26.48,-0.29,10
2001-11-01 00:00:00,OND,2001,26.37,-0.35,11
2001-12-01 00:00:00,NDJ,2001,26.31,-0.31,12
2002-01-01 00:00:00,DJF,2002,26.44,-0.15,1
2002-02-01 00:00:00,JFM,2002,26.81,0.03,2
2002-03-01 00:00:00,FMA,2002,27.29,0.09,3
2002-04-01 00:00:00,MAM,2002,27.8,0.2,4
2002-05-01 00:00:00,AMJ,2002,28.18,0.43,5
2002-06-01 00:00:00,MJJ,2002,28.24,0.65,6
2002-07-01 00:00:00,JJA,2002,28.06,0.79,7
2002-08-01 00:00:00,JAS,2002,27.85,0.86,8
2002-09-01 00:00:00,ASO,2002,27.83,1.01,9
2002-10-01 00:00:00,SON,2002,27.97,1.21,10
2002-11-01 00:00:00,OND,2002,28.03,1.31,11
2002-12-01 00:00:00,NDJ,2002,27.76,1.14,12
2003-01-01 00:00:00,DJF,2003,27.51,0.92,1
2003-02-01 00:00:00,JFM,2003,27.41,0.63,2
2003-03-01 00:00:00,FMA,2003,27.58,0.38,3
2003-04-01 00:00:00,MAM,2003,27.56,-0.04,4
2003-05-01 00:00:00,AMJ,2003,27.48,-0.26,5
2003-06-01 00:00:00,MJJ,2003,27.42,-0.16,6
2003-07-01 00:00:00,JJA,2003,27.35,0.08,7
2003-08-01 00:00:00,JAS,2003,27.2,0.21,8
2003-09-01 00:00:00,ASO,2003,27.08,0.26,9
2003-10-01 00:00:00,SON,2003,27.05,0.29,10
2003-11-01 00:00:00,OND,2003,27.07,0.35,11
2003-12-01 00:00:00,NDJ,2003,26.97,0.35,12
2004-01-01 00:00:00,DJF,2004,26.95,0.37,1
2004-02-01 00:00:00,JFM,2004,27.08,0.31,2
2004-03-01 00:00:00,FMA,2004,27.43,0.23,3
2004-04-01 00:00:00,MAM,2004,27.76,0.17,4
2004-05-01 00:00:00,AMJ,2004,27.91,0.17,5
2004-06-01 00:00:00,MJJ,2004,27.87,0.28,6
2004-07-01 00:00:00,JJA,2004,27.74,0.47,7
2004-08-01 00:00:00,JAS,2004,27.63,0.64,8
2004-09-01 00:00:00,ASO,2004,27.52,0.7,9
2004-10-01 00:00:00,SON,2004,27.44,0.67,10
2004-11-01 00:00:00,OND,2004,27.38,0.66,11
2004-12-01 00:00:00,NDJ,2004,27.3,0.69,12
2005-01-01 00:00:00,DJF,2005,27.22,0.64,1
2005-02-01 00:00:00,JFM,2005,27.36,0.58,2
2005-03-01 00:00:00,FMA,2005,27.65,0.45,3
2005-04-01 00:00:00,MAM,2005,28.02,0.43,4
2005-05-01 00:00:00,AMJ,2005,28.03,0.29,5
2005-06-01 00:00:00,MJJ,2005,27.69,0.11,6
2005-07-01 00:00:00,JJA,2005,27.21,-0.06,7
2005-08-01 00:00:00,JAS,2005,26.85,-0.14,8
2005-09-01 00:00:00,ASO,2005,26.71,-0.11,9
2005-10-01 00:00:00,SON,2005,26.48,-0.29,10
2005-11-01 00:00:00,OND,2005,26.15,-0.57,11
2005-12-01 00:00:00,NDJ,2005,25.81,-0.84,12
2006-01-01 00:00:00,DJF,2006,25.8,-0.85,1
2006-02-01 00:00:00,JFM,2006,26.1,-0.77,2
2006-03-01 00:00:00,FMA,2006,26.73,-0.57,3
2006-04-01 00:00:00,MAM,2006,27.31,-0.37,4
2006-05-01 00:00:00,AMJ,2006,27.69,-0.14,5
2006-06-01 00:00:00,MJJ,2006,27.62,-0.03,6
2006-07-01 00:00:00,JJA,2006,27.4,0.1,7
2006-08-01 00:00:00,JAS,2006,27.26,0.3,8
2006-09-01 00:00:00,ASO,2006,27.3,0.54,9
2006-10-01 00:00:00,SON,2006,27.48,0.77,10
2006-11-01 00:00:00,OND,2006,27.62,0.94,11
2006-12-01 00:00:00,NDJ,2006,27.56,0.94,12
2007-01-01 00:00:00,DJF,2007,27.3,0.66,1
2007-02-01 00:00:00,JFM,2007,27.09,0.22,2
2007-03-01 00:00:00,FMA,2007,27.18,-0.12,3
2007-04-01 00:00:00,MAM,2007,27.37,-0.32,4
2007-05-01 00:00:00,AMJ,2007,27.45,-0.38,5
2007-06-01 00:00:00,MJJ,2007,27.18,-0.47,6
2007-07-01 00:00:00,JJA,2007,26.74,-0.56,7
2007-08-01 00:00:00,JAS,2007,26.15,-0.81,8
2007-09-01 00:00:00,ASO,2007,25.69,-1.07,9
2007-10-01 00:00:00,SON,2007,25.37,-1.34,10
2007-11-01 00:00:00,OND,2007,25.17,-1.5,11
2007-12-01 00:00:00,NDJ,2007,25.02,-1.6,12
2008-01-01 00:00:00,DJF,2008,25,-1.64,1
2008-02-01 00:00:00,JFM,2008,25.35,-1.52,2
2008-03-01 00:00:00,FMA,2008,26.01,-1.29,3
2008-04-01 00:00:00,MAM,2008,26.67,-1.01,4
2008-05-01 00:00:00,AMJ,2008,26.99,-0.84,5
2008-06-01 00:00:00,MJJ,2008,27.04,-0.61,6
2008-07-01 00:00:00,JJA,2008,26.92,-0.37,7
2008-08-01 00:00:00,JAS,2008,26.73,-0.23,8
2008-09-01 00:00:00,ASO,2008,26.52,-0.24,9
2008-10-01 00:00:00,SON,2008,26.36,-0.35,10
2008-11-01 00:00:00,OND,2008,26.12,-0.55,11
2008-12-01 00:00:00,NDJ,2008,25.88,-0.73,12
2009-01-01 00:00:00,DJF,2009,25.79,-0.85,1
2009-02-01 00:00:00,JFM,2009,26.08,-0.79,2
2009-03-01 00:00:00,FMA,2009,26.68,-0.61,3
2009-04-01 00:00:00,MAM,2009,27.36,-0.33,4
2009-05-01 00:00:00,AMJ,2009,27.84,0.01,5
2009-06-01 00:00:00,MJJ,2009,27.94,0.28,6
2009-07-01 00:00:00,JJA,2009,27.75,0.45,7
2009-08-01 00:00:00,JAS,2009,27.53,0.58,8
2009-09-01 00:00:00,ASO,2009,27.47,0.71,9
2009-10-01 00:00:00,SON,2009,27.72,1.01,10
2009-11-01 00:00:00,OND,2009,28.03,1.36,11
2009-12-01 00:00:00,NDJ,2009,28.18,1.56,12
2010-01-01 00:00:00,DJF,2010,28.14,1.5,1
2010-02-01 00:00:00,JFM,2010,28.09,1.22,2
2010-03-01 00:00:00,FMA,2010,28.14,0.84,3
2010-04-01 00:00:00,MAM,2010,28.04,0.35,4
2010-05-01 00:00:00,AMJ,2010,27.66,-0.17,5
2010-06-01 00:00:00,MJJ,2010,27,-0.66,6
2010-07-01 00:00:00,JJA,2010,26.25,-1.05,7
2010-08-01 00:00:00,JAS,2010,25.61,-1.35,8
2010-09-01 00:00:00,ASO,2010,25.21,-1.56,9
2010-10-01 00:00:00,SON,2010,25.07,-1.64,10
2010-11-01 00:00:00,OND,2010,25.03,-1.64,11
2010-12-01 00:00:00,NDJ,2010,25.02,-1.59,12
2011-01-01 00:00:00,DJF,2011,25.22,-1.42,1
2011-02-01 00:00:00,JFM,2011,25.68,-1.19,2
2011-03-01 00:00:00,FMA,2011,26.37,-0.93,3
2011-04-01 00:00:00,MAM,2011,26.95,-0.73,4
2011-05-01 00:00:00,AMJ,2011,27.28,-0.55,5
2011-06-01 00:00:00,MJJ,2011,27.21,-0.44,6
2011-07-01 00:00:00,JJA,2011,26.81,-0.48,7
2011-08-01 00:00:00,JAS,2011,26.33,-0.62,8
2011-09-01 00:00:00,ASO,2011,25.93,-0.83,9
2011-10-01 00:00:00,SON,2011,25.7,-1.01,10
2011-11-01 00:00:00,OND,2011,25.58,-1.09,11
2011-12-01 00:00:00,NDJ,2011,25.58,-1.04,12
2012-01-01 00:00:00,DJF,2012,25.77,-0.86,1
2012-02-01 00:00:00,JFM,2012,26.15,-0.72,2
2012-03-01 00:00:00,FMA,2012,26.71,-0.59,3
2012-04-01 00:00:00,MAM,2012,27.21,-0.47,4
2012-05-01 00:00:00,AMJ,2012,27.57,-0.26,5
2012-06-01 00:00:00,MJJ,2012,27.64,-0.01,6
2012-07-01 00:00:00,JJA,2012,27.54,0.25,7
2012-08-01 00:00:00,JAS,2012,27.32,0.37,8
2012-09-01 00:00:00,ASO,2012,27.13,0.37,9
2012-10-01 00:00:00,SON,2012,26.98,0.27,10
2012-11-01 00:00:00,OND,2012,26.73,0.05,11
2012-12-01 00:00:00,NDJ,2012,26.41,-0.21,12
2013-01-01 00:00:00,DJF,2013,26.21,-0.43,1
2013-02-01 00:00:00,JFM,2013,26.44,-0.43,2
2013-03-01 00:00:00,FMA,2013,26.96,-0.34,3
2013-04-01 00:00:00,MAM,2013,27.38,-0.3,4
2013-05-01 00:00:00,AMJ,2013,27.47,-0.36,5
2013-06-01 00:00:00,MJJ,2013,27.24,-0.41,6
2013-07-01 00:00:00,JJA,2013,26.89,-0.4,7
2013-08-01 00:00:00,JAS,2013,26.64,-0.32,8
2013-09-01 00:00:00,ASO,2013,26.51,-0.26,9
2013-10-01 00:00:00,SON,2013,26.54,-0.18,10
2013-11-01 00:00:00,OND,2013,26.5,-0.17,11
2013-12-01 00:00:00,NDJ,2013,26.35,-0.27,12
2014-01-01 00:00:00,DJF,2014,26.22,-0.42,1
2014-02-01 00:00:00,JFM,2014,26.41,-0.46,2
2014-03-01 00:00:00,FMA,2014,27.03,-0.27,3
2014-04-01 00:00:00,MAM,2014,27.73,0.04,4
2014-05-01 00:00:00,AMJ,2014,28.04,0.21,5
2014-06-01 00:00:00,MJJ,2014,27.82,0.16,6
2014-07-01 00:00:00,JJA,2014,27.34,0.05,7
2014-08-01 00:00:00,JAS,2014,27.02,0.07,8
2014-09-01 00:00:00,ASO,2014,27,0.23,9
2014-10-01 00:00:00,SON,2014,27.21,0.49,10
2014-11-01 00:00:00,OND,2014,27.31,0.64,11
2014-12-01 00:00:00,NDJ,2014,27.28,0.66,12
2015-01-01 00:00:00,DJF,2015,27.19,0.55,1
2015-02-01 00:00:00,JFM,2015,27.34,0.47,2
2015-03-01 00:00:00,FMA,2015,27.82,0.53,3
2015-04-01 00:00:00,MAM,2015,28.38,0.7,4
2015-05-01 00:00:00,AMJ,2015,28.76,0.93,5
2015-06-01 00:00:00,MJJ,2015,28.83,1.18,6
2015-07-01 00:00:00,JJA,2015,28.81,1.52,7
2015-08-01 00:00:00,JAS,2015,28.82,1.86,8
2015-09-01 00:00:00,ASO,2015,28.93,2.16,9
2015-10-01 00:00:00,SON,2015,29.14,2.42,10
2015-11-01 00:00:00,OND,2015,29.25,2.57,11
2015-12-01 00:00:00,NDJ,2015,29.26,2.64,12
2016-01-01 00:00:00,DJF,2016,29.12,2.48,1
2016-02-01 00:00:00,JFM,2016,29.01,2.14,2
2016-03-01 00:00:00,FMA,2016,28.88,1.58,3
2016-04-01 00:00:00,MAM,2016,28.62,0.94,4
2016-05-01 00:00:00,AMJ,2016,28.22,0.39,5
2016-06-01 00:00:00,MJJ,2016,27.59,-0.07,6
2016-07-01 00:00:00,JJA,2016,26.93,-0.36,7
2016-08-01 00:00:00,JAS,2016,26.42,-0.54,8
2016-09-01 00:00:00,ASO,2016,26.14,-0.63,9
2016-10-01 00:00:00,SON,2016,26.02,-0.69,10
2016-11-01 00:00:00,OND,2016,26.01,-0.67,11
2016-12-01 00:00:00,NDJ,2016,26.06,-0.56,12
2017-01-01 00:00:00,DJF,2017,26.3,-0.34,1
2017-02-01 00:00:00,JFM,2017,26.71,-0.16,2
2017-03-01 00:00:00,FMA,2017,27.35,0.05,3
2017-04-01 00:00:00,MAM,2017,27.89,0.2,4
2017-05-01 00:00:00,AMJ,2017,28.13,0.3,5
2017-06-01 00:00:00,MJJ,2017,27.97,0.31,6
2017-07-01 00:00:00,JJA,2017,27.43,0.14,7
2017-08-01 00:00:00,JAS,2017,26.84,-0.11,8
2017-09-01 00:00:00,ASO,2017,26.38,-0.38,9
2017-10-01 00:00:00,SON,2017,26.06,-0.65,10
2017-11-01 00:00:00,OND,2017,25.84,-0.84,11
2017-12-01 00:00:00,NDJ,2017,25.64,-0.97,12
2018-01-01 00:00:00,DJF,2018,25.72,-0.92,1
2018-02-01 00:00:00,JFM,2018,26.02,-0.85,2
2018-03-01 00:00:00,FMA,2018,26.6,-0.7,3
2018-04-01 00:00:00,MAM,2018,27.18,-0.5,4
2018-05-01 00:00:00,AMJ,2018,27.61,-0.22,5
2018-06-01 00:00:00,MJJ,2018,27.64,-0.01,6
2018-07-01 00:00:00,JJA,2018,27.38,0.09,7
2018-08-01 00:00:00,JAS,2018,27.18,0.23,8
2018-09-01 00:00:00,ASO,2018,27.25,0.49,9
2018-10-01 00:00:00,SON,2018,27.47,0.76,10
2018-11-01 00:00:00,OND,2018,27.57,0.9,11
2018-12-01 00:00:00,NDJ,2018,27.43,0.81,12
2019-01-01 00:00:00,DJF,2019,27.39,0.75,1
2019-02-01 00:00:00,JFM,2019,27.59,0.72,2
2019-03-01 00:00:00,FMA,2019,28.01,0.71,3
2019-04-01 00:00:00,MAM,2019,28.34,0.66,4
2019-05-01 00:00:00,AMJ,2019,28.37,0.54,5
2019-06-01 00:00:00,MJJ,2019,28.1,0.45,6
2019-07-01 00:00:00,JJA,2019,27.57,0.28,7
2019-08-01 00:00:00,JAS,2019,27.1,0.14,8
2019-09-01 00:00:00,ASO,2019,26.95,0.19,9
2019-10-01 00:00:00,SON,2019,27.06,0.35,10
2019-11-01 00:00:00,OND,2019,27.18,0.51,11
2019-12-01 00:00:00,NDJ,2019,27.17,0.55,12
2020-01-01 00:00:00,DJF,2020,27.14,0.5,1
2020-02-01 00:00:00,JFM,2020,27.35,0.48,2
2020-03-01 00:00:00,FMA,2020,27.7,0.4,3
2020-04-01 00:00:00,MAM,2020,27.87,0.19,4
2020-05-01 00:00:00,AMJ,2020,27.75,-0.08,5
2020-06-01 00:00:00,MJJ,2020,27.35,-0.3,6
2020-07-01 00:00:00,JJA,2020,26.88,-0.41,7
2020-08-01 00:00:00,JAS,2020,26.38,-0.57,8
2020-09-01 00:00:00,ASO,2020,25.87,-0.89,9
2020-10-01 00:00:00,SON,2020,25.54,-1.17,10
2020-11-01 00:00:00,OND,2020,25.4,-1.27,11
2020-12-01 00:00:00,NDJ,2020,25.43,-1.19,12
2021-01-01 00:00:00,DJF,2021,25.59,-1.05,1
2021-02-01 00:00:00,JFM,2021,25.94,-0.93,2
2021-03-01 00:00:00,FMA,2021,26.46,-0.84,3
2021-04-01 00:00:00,MAM,2021,27.03,-0.66,4
2021-05-01 00:00:00,AMJ,2021,27.35,-0.48,5
2021-06-01 00:00:00,MJJ,2021,27.28,-0.38,6
2021-07-01 00:00:00,JJA,2021,26.89,-0.4,7
2021-08-01 00:00:00,JAS,2021,26.46,-0.49,8
2021-09-01 00:00:00,ASO,2021,26.09,-0.67,9
2021-10-01 00:00:00,SON,2021,25.9,-0.81,10
2021-11-01 00:00:00,OND,2021,25.69,-0.98,11
2021-12-01 00:00:00,NDJ,2021,25.63,-0.98,12
2022-01-01 00:00:00,DJF,2022,25.67,-0.97,1
2022-02-01 00:00:00,JFM,2022,25.94,-0.93,2
2022-03-01 00:00:00,FMA,2022,26.31,-0.99,3
2022-04-01 00:00:00,MAM,2022,26.62,-1.06,4
2022-05-01 00:00:00,AMJ,2022,26.84,-0.99,5
2022-06-01 00:00:00,MJJ,2022,26.8,-0.85,6
2022-07-01 00:00:00,JJA,2022,26.48,-0.81,7
2022-08-01 00:00:00,JAS,2022,26.04,-0.91,8
2022-09-01 00:00:00,ASO,2022,25.75,-1.01,9
2022-10-01 00:00:00,SON,2022,25.72,-0.99,10
2022-11-01 00:00:00,OND,2022,25.76,-0.92,11
2022-12-01 00:00:00,NDJ,2022,25.79,-0.83,12
2023-01-01 00:00:00,DJF,2023,25.96,-0.68,1
2023-02-01 00:00:00,JFM,2023,26.44,-0.43,2
2023-03-01 00:00:00,FMA,2023,27.15,-0.15,3
2023-04-01 00:00:00,MAM,2023,27.85,0.16,4
2023-05-01 00:00:00,AMJ,2023,28.31,0.48,5
2023-06-01 00:00:00,MJJ,2023,28.42,0.77,6
2023-07-01 00:00:00,JJA,2023,28.36,1.07,7
2023-08-01 00:00:00,JAS,2023,28.28,1.32,8
2023-09-01 00:00:00,ASO,2023,28.32,1.56,9
2023-10-01 00:00:00,SON,2023,28.49,1.78,10
2023-11-01 00:00:00,OND,2023,28.6,1.92,11
2023-12-01 00:00:00,NDJ,2023,28.57,1.95,12
2024-01-01 00:00:00,DJF,2024,28.42,1.78,1
2024-02-01 00:00:00,JFM,2024,28.35,1.48,2
2024-03-01 00:00:00,FMA,2024,28.43,1.14,3
2024-04-01 00:00:00,MAM,2024,28.39,0.71,4
2024-05-01 00:00:00,AMJ,2024,28.22,0.39,5
2024-06-01 00:00:00,MJJ,2024,27.8,0.15,6
2024-07-01 00:00:00,JJA,2024,27.33,0.04,7
2024-08-01 00:00:00,JAS,2024,26.85,-0.11,8
2024-09-01 00:00:00,ASO,2024,26.55,-0.21,9
2024-10-01 00:00:00,SON,2024,26.46,-0.26,10
2024-11-01 00:00:00,OND,2024,26.3,-0.37,11
2024-12-01 00:00:00,NDJ,2024,26.09,-0.52,12
2025-01-01 00:00:00,DJF,2025,26.05,-0.59,1
2025-02-01 00:00:00,JFM,2025,26.48,-0.39,2
